SlackCoeff,CarbonSavings(%),EnergySavings(%),UtilizationRatio
1.0,26.956583333333334,0.0,35.7
1.5,34.112611111111114,0.0,23.76
2.0,35.38848148148148,0.0,17.85
