SlackCoeff,CarbonSavings(%),EnergySavings(%),UtilizationRatio
1.0,24.63898148148148,0.0,47.15
1.5,40.20110185185185,0.0,31.39
2.0,25.866944444444442,0.0,23.57
