SlackCoeff,CarbonSavings(%),EnergySavings(%),UtilizationRatio
1.0,24.51142857142857,0.0,47.12
1.2,35.563657407407405,0.0,39.18
1.5,38.45319444444444,0.0,31.39
