OperationsPerJob,CarbonSavings(%),EnergySavings(%)
2,32.005685185185186,0.0
3,26.956583333333334,0.0
5,13.259518072289158,0.0
