SlackCoeff,CarbonSavings(%),EnergySavings(%),UtilizationRatio
1.0,31.123509259259258,0.0,35.7
1.5,49.01153703703704,0.0,23.76
2.0,56.05521296296296,0.0,17.85
