ServerNumber,CarbonSavings(%),EnergySavings(%)
5,26.956583333333334,0.0
10,30.566888888888887,0.0
15,29.314083333333333,0.0
