SlackCoeff,CarbonSavings(%),EnergySavings(%),UtilizationRatio
1.0,31.11672222222222,0.0,35.7
1.5,47.59346296296297,0.0,23.76
2.0,50.02832407407407,0.0,17.85
